<application>
  <component name="ProjectJdkTable">
    <jdk version="2">
      <name value="Python 3.7 (virtualenv_baiduAI)" />
      <type value="Python SDK" />
      <version value="Python 3.7.0" />
      <homePath value="D:\all_venvs\virtualenv_baiduAI\Scripts\python.exe" />
      <roots>
        <classPath>
          <root type="composite">
            <root url="file://D:/Python37/DLLs" type="simple" />
            <root url="file://D:/Python37/Lib" type="simple" />
            <root url="file://D:/Python37" type="simple" />
            <root url="file://D:/all_venvs/virtualenv_baiduAI" type="simple" />
            <root url="file://D:/all_venvs/virtualenv_baiduAI/Lib/site-packages" type="simple" />
            <root url="jar://D:/all_venvs/virtualenv_baiduAI/Lib/site-packages/setuptools-39.1.0-py3.7.egg!/" type="simple" />
            <root url="file://D:/all_venvs/virtualenv_baiduAI/Lib/site-packages/pip-10.0.1-py3.7.egg" type="simple" />
            <root url="file://$USER_HOME$/.PyCharm2018.3/system/python_stubs/-1546500730" type="simple" />
            <root url="file://$APPLICATION_HOME_DIR$/helpers/python-skeletons" type="simple" />
            <root url="file://$APPLICATION_HOME_DIR$/helpers/typeshed/stdlib/3" type="simple" />
            <root url="file://$APPLICATION_HOME_DIR$/helpers/typeshed/stdlib/2and3" type="simple" />
            <root url="file://$APPLICATION_HOME_DIR$/helpers/typeshed/third_party/3" type="simple" />
            <root url="file://$APPLICATION_HOME_DIR$/helpers/typeshed/third_party/2and3" type="simple" />
          </root>
        </classPath>
        <sourcePath>
          <root type="composite" />
        </sourcePath>
      </roots>
      <additional />
    </jdk>
    <jdk version="2">
      <name value="Python 3.7" />
      <type value="Python SDK" />
      <version value="Python 3.7.2" />
      <homePath value="D:\Python37\python.exe" />
      <roots>
        <classPath>
          <root type="composite">
            <root url="file://D:/Python37/DLLs" type="simple" />
            <root url="file://D:/Python37/Lib" type="simple" />
            <root url="file://D:/Python37" type="simple" />
            <root url="file://D:/Python37/Lib/site-packages" type="simple" />
            <root url="file://$USER_HOME$/.PyCharm2018.3/system/python_stubs/1201333238" type="simple" />
            <root url="file://$APPLICATION_HOME_DIR$/helpers/python-skeletons" type="simple" />
            <root url="file://$APPLICATION_HOME_DIR$/helpers/typeshed/stdlib/3" type="simple" />
            <root url="file://$APPLICATION_HOME_DIR$/helpers/typeshed/stdlib/2and3" type="simple" />
            <root url="file://$APPLICATION_HOME_DIR$/helpers/typeshed/third_party/3" type="simple" />
            <root url="file://$APPLICATION_HOME_DIR$/helpers/typeshed/third_party/2and3" type="simple" />
          </root>
        </classPath>
        <sourcePath>
          <root type="composite" />
        </sourcePath>
      </roots>
      <additional />
    </jdk>
    <jdk version="2">
      <name value="Python 3.7 (virtualenv_GUI)" />
      <type value="Python SDK" />
      <version value="Python 3.7.0" />
      <homePath value="D:\all_venvs\virtualenv_GUI\Scripts\python.exe" />
      <roots>
        <classPath>
          <root type="composite">
            <root url="file://D:/Python37/DLLs" type="simple" />
            <root url="file://D:/Python37/Lib" type="simple" />
            <root url="file://D:/Python37" type="simple" />
            <root url="file://D:/all_venvs/virtualenv_GUI" type="simple" />
            <root url="file://D:/all_venvs/virtualenv_GUI/Lib/site-packages" type="simple" />
            <root url="jar://D:/all_venvs/virtualenv_GUI/Lib/site-packages/setuptools-39.1.0-py3.7.egg!/" type="simple" />
            <root url="file://D:/all_venvs/virtualenv_GUI/Lib/site-packages/pip-10.0.1-py3.7.egg" type="simple" />
            <root url="file://$USER_HOME$/.PyCharm2018.3/system/python_stubs/-1158519186" type="simple" />
            <root url="file://$APPLICATION_HOME_DIR$/helpers/python-skeletons" type="simple" />
            <root url="file://$APPLICATION_HOME_DIR$/helpers/typeshed/stdlib/3" type="simple" />
            <root url="file://$APPLICATION_HOME_DIR$/helpers/typeshed/stdlib/2and3" type="simple" />
            <root url="file://$APPLICATION_HOME_DIR$/helpers/typeshed/third_party/3" type="simple" />
            <root url="file://$APPLICATION_HOME_DIR$/helpers/typeshed/third_party/2and3" type="simple" />
          </root>
        </classPath>
        <sourcePath>
          <root type="composite" />
        </sourcePath>
      </roots>
      <additional />
    </jdk>
    <jdk version="2">
      <name value="Python 3.7 (virtualenv_django)" />
      <type value="Python SDK" />
      <version value="Python 3.7.2" />
      <homePath value="D:\all_venvs\virtualenv_django\Scripts\python.exe" />
      <roots>
        <classPath>
          <root type="composite">
            <root url="file://D:/Python37/DLLs" type="simple" />
            <root url="file://D:/Python37/Lib" type="simple" />
            <root url="file://D:/Python37" type="simple" />
            <root url="file://D:/all_venvs/virtualenv_django" type="simple" />
            <root url="file://D:/all_venvs/virtualenv_django/Lib/site-packages" type="simple" />
            <root url="jar://D:/all_venvs/virtualenv_django/Lib/site-packages/setuptools-39.1.0-py3.7.egg!/" type="simple" />
            <root url="file://D:/all_venvs/virtualenv_django/Lib/site-packages/pip-10.0.1-py3.7.egg" type="simple" />
            <root url="file://$USER_HOME$/.PyCharm2018.3/system/python_stubs/1492865128" type="simple" />
            <root url="file://$APPLICATION_HOME_DIR$/helpers/python-skeletons" type="simple" />
            <root url="file://$APPLICATION_HOME_DIR$/helpers/typeshed/stdlib/3" type="simple" />
            <root url="file://$APPLICATION_HOME_DIR$/helpers/typeshed/stdlib/2and3" type="simple" />
            <root url="file://$APPLICATION_HOME_DIR$/helpers/typeshed/third_party/3" type="simple" />
            <root url="file://$APPLICATION_HOME_DIR$/helpers/typeshed/third_party/2and3" type="simple" />
          </root>
        </classPath>
        <sourcePath>
          <root type="composite" />
        </sourcePath>
      </roots>
      <additional />
    </jdk>
    <jdk version="2">
      <name value="Python 3.5 (virtualenv_python35)" />
      <type value="Python SDK" />
      <version value="Python 3.5.4" />
      <homePath value="D:\all_venvs\virtualenv_python35\Scripts\python.exe" />
      <roots>
        <classPath>
          <root type="composite">
            <root url="file://D:/Python35/DLLs" type="simple" />
            <root url="file://D:/Python35/Lib" type="simple" />
            <root url="file://D:/Python35" type="simple" />
            <root url="file://D:/all_venvs/virtualenv_python35" type="simple" />
            <root url="file://D:/all_venvs/virtualenv_python35/Lib/site-packages" type="simple" />
            <root url="jar://D:/all_venvs/virtualenv_python35/Lib/site-packages/setuptools-39.1.0-py3.5.egg!/" type="simple" />
            <root url="file://D:/all_venvs/virtualenv_python35/Lib/site-packages/pip-10.0.1-py3.5.egg" type="simple" />
            <root url="file://$USER_HOME$/.PyCharm2018.3/system/python_stubs/-221947035" type="simple" />
            <root url="file://$APPLICATION_HOME_DIR$/helpers/python-skeletons" type="simple" />
            <root url="file://$APPLICATION_HOME_DIR$/helpers/typeshed/stdlib/3" type="simple" />
            <root url="file://$APPLICATION_HOME_DIR$/helpers/typeshed/stdlib/2and3" type="simple" />
            <root url="file://$APPLICATION_HOME_DIR$/helpers/typeshed/third_party/3" type="simple" />
            <root url="file://$APPLICATION_HOME_DIR$/helpers/typeshed/third_party/2and3" type="simple" />
          </root>
        </classPath>
        <sourcePath>
          <root type="composite" />
        </sourcePath>
      </roots>
      <additional />
    </jdk>
    <jdk version="2">
      <name value="Python 3.7 (virtualenv_mysql)" />
      <type value="Python SDK" />
      <version value="Python 3.7.2" />
      <homePath value="D:\all_venvs\virtualenv_mysql\Scripts\python.exe" />
      <roots>
        <classPath>
          <root type="composite">
            <root url="file://D:/Python37/DLLs" type="simple" />
            <root url="file://D:/Python37/Lib" type="simple" />
            <root url="file://D:/Python37" type="simple" />
            <root url="file://D:/all_venvs/virtualenv_mysql" type="simple" />
            <root url="file://D:/all_venvs/virtualenv_mysql/Lib/site-packages" type="simple" />
            <root url="jar://D:/all_venvs/virtualenv_mysql/Lib/site-packages/setuptools-39.1.0-py3.7.egg!/" type="simple" />
            <root url="file://D:/all_venvs/virtualenv_mysql/Lib/site-packages/pip-10.0.1-py3.7.egg" type="simple" />
            <root url="file://$USER_HOME$/.PyCharm2018.3/system/python_stubs/-282536249" type="simple" />
            <root url="file://$APPLICATION_HOME_DIR$/helpers/python-skeletons" type="simple" />
            <root url="file://$APPLICATION_HOME_DIR$/helpers/typeshed/stdlib/3" type="simple" />
            <root url="file://$APPLICATION_HOME_DIR$/helpers/typeshed/stdlib/2and3" type="simple" />
            <root url="file://$APPLICATION_HOME_DIR$/helpers/typeshed/third_party/3" type="simple" />
            <root url="file://$APPLICATION_HOME_DIR$/helpers/typeshed/third_party/2and3" type="simple" />
          </root>
        </classPath>
        <sourcePath>
          <root type="composite" />
        </sourcePath>
      </roots>
      <additional />
    </jdk>
    <jdk version="2">
      <name value="Python 3.7 (virtualenv_django3)" />
      <type value="Python SDK" />
      <version value="Python 3.7.2" />
      <homePath value="D:\all_venvs\virtualenv_django3\Scripts\python.exe" />
      <roots>
        <classPath>
          <root type="composite">
            <root url="file://D:/Python37/DLLs" type="simple" />
            <root url="file://D:/Python37/Lib" type="simple" />
            <root url="file://D:/Python37" type="simple" />
            <root url="file://D:/all_venvs/virtualenv_django3" type="simple" />
            <root url="file://D:/all_venvs/virtualenv_django3/Lib/site-packages" type="simple" />
            <root url="jar://D:/all_venvs/virtualenv_django3/Lib/site-packages/setuptools-39.1.0-py3.7.egg!/" type="simple" />
            <root url="file://D:/all_venvs/virtualenv_django3/Lib/site-packages/pip-10.0.1-py3.7.egg" type="simple" />
            <root url="file://$USER_HOME$/.PyCharm2018.3/system/python_stubs/1398710961" type="simple" />
            <root url="file://$APPLICATION_HOME_DIR$/helpers/python-skeletons" type="simple" />
            <root url="file://$APPLICATION_HOME_DIR$/helpers/typeshed/stdlib/3" type="simple" />
            <root url="file://$APPLICATION_HOME_DIR$/helpers/typeshed/stdlib/2and3" type="simple" />
            <root url="file://$APPLICATION_HOME_DIR$/helpers/typeshed/third_party/3" type="simple" />
            <root url="file://$APPLICATION_HOME_DIR$/helpers/typeshed/third_party/2and3" type="simple" />
          </root>
        </classPath>
        <sourcePath>
          <root type="composite" />
        </sourcePath>
      </roots>
      <additional />
    </jdk>
    <jdk version="2">
      <name value="Python 3.6 (demo1)" />
      <type value="Python SDK" />
      <version value="Python 3.6.1" />
      <homePath value="D:\PycharmProjects\demo1\venv\Scripts\python.exe" />
      <roots>
        <classPath>
          <root type="composite">
            <root url="file://$USER_HOME$/AppData/Local/Programs/Python/Python36/DLLs" type="simple" />
            <root url="file://$USER_HOME$/AppData/Local/Programs/Python/Python36/Lib" type="simple" />
            <root url="file://$USER_HOME$/AppData/Local/Programs/Python/Python36" type="simple" />
            <root url="file://D:/PycharmProjects/demo1/venv" type="simple" />
            <root url="file://D:/PycharmProjects/demo1/venv/Lib/site-packages" type="simple" />
            <root url="jar://D:/PycharmProjects/demo1/venv/Lib/site-packages/setuptools-39.1.0-py3.6.egg!/" type="simple" />
            <root url="file://D:/PycharmProjects/demo1/venv/Lib/site-packages/pip-10.0.1-py3.6.egg" type="simple" />
            <root url="file://$USER_HOME$/.PyCharm2018.3/system/python_stubs/1224633790" type="simple" />
            <root url="file://$APPLICATION_HOME_DIR$/helpers/python-skeletons" type="simple" />
            <root url="file://$APPLICATION_HOME_DIR$/helpers/typeshed/stdlib/3" type="simple" />
            <root url="file://$APPLICATION_HOME_DIR$/helpers/typeshed/stdlib/2and3" type="simple" />
            <root url="file://$APPLICATION_HOME_DIR$/helpers/typeshed/third_party/3" type="simple" />
            <root url="file://$APPLICATION_HOME_DIR$/helpers/typeshed/third_party/2and3" type="simple" />
          </root>
        </classPath>
        <sourcePath>
          <root type="composite" />
        </sourcePath>
      </roots>
      <additional />
    </jdk>
    <jdk version="2">
      <name value="Python 3.6" />
      <type value="Python SDK" />
      <version value="Python 3.6.1" />
      <homePath value="C:\Users\xdl\AppData\Local\Programs\Python\Python36\python.exe" />
      <roots>
        <classPath>
          <root type="composite">
            <root url="file://$USER_HOME$/AppData/Local/Programs/Python/Python36/DLLs" type="simple" />
            <root url="file://$USER_HOME$/AppData/Local/Programs/Python/Python36/Lib" type="simple" />
            <root url="file://$USER_HOME$/AppData/Local/Programs/Python/Python36" type="simple" />
            <root url="file://$USER_HOME$/AppData/Roaming/Python/Python36/site-packages" type="simple" />
            <root url="file://$USER_HOME$/AppData/Local/Programs/Python/Python36/Lib/site-packages" type="simple" />
            <root url="jar://$USER_HOME$/AppData/Local/Programs/Python/Python36/Lib/site-packages/setuptools-39.1.0-py3.6.egg!/" type="simple" />
            <root url="file://$USER_HOME$/AppData/Local/Programs/Python/Python36/Lib/site-packages/pip-10.0.1-py3.6.egg" type="simple" />
            <root url="file://$USER_HOME$/.PyCharm2018.3/system/python_stubs/-862046425" type="simple" />
            <root url="file://$APPLICATION_HOME_DIR$/helpers/python-skeletons" type="simple" />
            <root url="file://$APPLICATION_HOME_DIR$/helpers/typeshed/stdlib/3" type="simple" />
            <root url="file://$APPLICATION_HOME_DIR$/helpers/typeshed/stdlib/2and3" type="simple" />
            <root url="file://$APPLICATION_HOME_DIR$/helpers/typeshed/third_party/3" type="simple" />
            <root url="file://$APPLICATION_HOME_DIR$/helpers/typeshed/third_party/2and3" type="simple" />
          </root>
        </classPath>
        <sourcePath>
          <root type="composite" />
        </sourcePath>
      </roots>
      <additional />
    </jdk>
    <jdk version="2">
      <name value="Python 3.7 (xiaoming)" />
      <type value="Python SDK" />
      <version value="Python 3.7.2" />
      <homePath value="E:\Python37\python.exe" />
      <roots>
        <classPath>
          <root type="composite">
            <root url="file://E:/Python37/DLLs" type="simple" />
            <root url="file://E:/Python37/Lib" type="simple" />
            <root url="file://E:/Python37" type="simple" />
            <root url="file://E:/Python37/Lib/site-packages" type="simple" />
            <root url="file://$USER_HOME$/.PyCharm2018.3/system/python_stubs/-836723051" type="simple" />
            <root url="file://$APPLICATION_HOME_DIR$/helpers/python-skeletons" type="simple" />
            <root url="file://$APPLICATION_HOME_DIR$/helpers/typeshed/stdlib/3" type="simple" />
            <root url="file://$APPLICATION_HOME_DIR$/helpers/typeshed/stdlib/2and3" type="simple" />
            <root url="file://$APPLICATION_HOME_DIR$/helpers/typeshed/third_party/3" type="simple" />
            <root url="file://$APPLICATION_HOME_DIR$/helpers/typeshed/third_party/2and3" type="simple" />
          </root>
        </classPath>
        <sourcePath>
          <root type="composite" />
        </sourcePath>
      </roots>
      <additional />
    </jdk>
  </component>
</application>