<toolSet name="External Tools">
  <tool name="Pyinstaller_EXE" description="generate_a_exe_file" showInMainMenu="false" showInEditor="false" showInProject="false" showInSearchPopup="false" disabled="false" useConsole="true" showConsoleOnStdOut="false" showConsoleOnStdErr="false" synchronizeAfterRun="true">
    <exec>
      <option name="COMMAND" value="D:\Python37\Scripts\pyinstaller.exe" />
      <option name="PARAMETERS" value="-F $FileNameWithoutExtension$.py" />
      <option name="WORKING_DIRECTORY" value="$FileDir$" />
    </exec>
  </tool>
  <tool name="Pyinstaller_EXE_tkinter" description="generate_tkinter_exe_file" showInMainMenu="false" showInEditor="false" showInProject="false" showInSearchPopup="false" disabled="false" useConsole="true" showConsoleOnStdOut="false" showConsoleOnStdErr="false" synchronizeAfterRun="true">
    <exec>
      <option name="COMMAND" value="D:\Python37\Scripts\pyinstaller.exe" />
      <option name="PARAMETERS" value="-F -w $FileNameWithoutExtension$.py" />
      <option name="WORKING_DIRECTORY" value="$FileDir$" />
    </exec>
  </tool>
</toolSet>